<?xml version="1.0" encoding="UTF-8"?>
<export version="D">
  <design>
    <source>/home/utsav22g/Olin Stuff/beacon_circuit/beacon/beacon.sch</source>
    <date>Sun 04 Nov 2018 05:24:07 PM EST</date>
    <tool>Eeschema 5.0.1-33cea8e~68~ubuntu18.04.1</tool>
    <sheet number="1" name="/" tstamps="/">
      <title_block>
        <title/>
        <company/>
        <rev/>
        <date/>
        <source>beacon.sch</source>
        <comment number="1" value=""/>
        <comment number="2" value=""/>
        <comment number="3" value=""/>
        <comment number="4" value=""/>
      </title_block>
    </sheet>
  </design>
  <components>
    <comp ref="U1">
      <value>ATtiny45-20PU</value>
      <footprint>Package_DIP:DIP-8_W7.62mm</footprint>
      <datasheet>http://ww1.microchip.com/downloads/en/DeviceDoc/atmel-2586-avr-8-bit-microcontroller-attiny25-attiny45-attiny85_datasheet.pdf</datasheet>
      <libsource lib="MCU_Microchip_ATtiny" part="ATtiny45-20PU" description="20MHz, 4kB Flash, 256B SRAM, 256B EEPROM, debugWIRE, DIP-8"/>
      <sheetpath names="/" tstamps="/"/>
      <tstamp>5BDF6537</tstamp>
    </comp>
    <comp ref="SW1">
      <value>SW_Push</value>
      <libsource lib="Switch" part="SW_Push" description="Push button switch, generic, two pins"/>
      <sheetpath names="/" tstamps="/"/>
      <tstamp>5BDF6B40</tstamp>
    </comp>
    <comp ref="R2">
      <value>R_200</value>
      <footprint>footprints:R_0805_OEM</footprint>
      <datasheet>https://www.seielect.com/Catalog/SEI-RMCF_RMCP.pdf</datasheet>
      <fields>
        <field name="MFN">DK</field>
        <field name="MPN">RMCF0805JT200RCT-ND</field>
        <field name="PurchasingLink">https://www.digikey.com/products/en?keywords=RMCF0805JT200RCT-ND</field>
      </fields>
      <libsource lib="formula" part="R_200" description=""/>
      <sheetpath names="/" tstamps="/"/>
      <tstamp>5BDF762D</tstamp>
    </comp>
    <comp ref="R1">
      <value>R_10K</value>
      <footprint>footprints:R_0805_OEM</footprint>
      <datasheet>http://www.bourns.com/data/global/pdfs/CRS.pdf</datasheet>
      <fields>
        <field name="MFN">DK</field>
        <field name="MPN">CRS0805-FX-1002ELFCT-ND</field>
        <field name="PurchasingLink">https://www.digikey.com/products/en?keywords=CRS0805-FX-1002ELFCT-ND</field>
      </fields>
      <libsource lib="formula" part="R_10K" description=""/>
      <sheetpath names="/" tstamps="/"/>
      <tstamp>5BDF8DC0</tstamp>
    </comp>
    <comp ref="J1">
      <value>Conn_01x03_Female</value>
      <datasheet>~</datasheet>
      <libsource lib="Connector" part="Conn_01x03_Female" description="Generic connector, single row, 01x03, script generated (kicad-library-utils/schlib/autogen/connector/)"/>
      <sheetpath names="/" tstamps="/"/>
      <tstamp>5BDFA0D8</tstamp>
    </comp>
    <comp ref="C1">
      <value>C_0.1uF</value>
      <footprint>footprints:C_0805_OEM</footprint>
      <datasheet>http://datasheets.avx.com/X7RDielectric.pdf</datasheet>
      <fields>
        <field name="MFN">DK</field>
        <field name="MPN">478-3352-1-ND</field>
        <field name="PurchasingLink">https://www.digikey.com/products/en?keywords=478-3352-1-ND</field>
      </fields>
      <libsource lib="formula" part="C_0.1uF" description="Capacitor, 0.1uF, 50V, 5%, 0805"/>
      <sheetpath names="/" tstamps="/"/>
      <tstamp>5BDFAE6F</tstamp>
    </comp>
  </components>
  <libparts>
    <libpart lib="Connector" part="Conn_01x03_Female">
      <description>Generic connector, single row, 01x03, script generated (kicad-library-utils/schlib/autogen/connector/)</description>
      <docs>~</docs>
      <footprints>
        <fp>Connector*:*_1x??_*</fp>
      </footprints>
      <fields>
        <field name="Reference">J</field>
        <field name="Value">Conn_01x03_Female</field>
      </fields>
      <pins>
        <pin num="1" name="Pin_1" type="passive"/>
        <pin num="2" name="Pin_2" type="passive"/>
        <pin num="3" name="Pin_3" type="passive"/>
      </pins>
    </libpart>
    <libpart lib="MCU_Microchip_ATtiny" part="ATtiny25V-10PU">
      <aliases>
        <alias>ATtiny25-20PU</alias>
        <alias>ATtiny45V-10PU</alias>
        <alias>ATtiny45-20PU</alias>
        <alias>ATtiny85V-10PU</alias>
        <alias>ATtiny85-20PU</alias>
      </aliases>
      <description>10MHz, 2kB Flash, 128B SRAM, 128B EEPROM, debugWIRE, DIP-8</description>
      <docs>http://ww1.microchip.com/downloads/en/DeviceDoc/atmel-2586-avr-8-bit-microcontroller-attiny25-attiny45-attiny85_datasheet.pdf</docs>
      <footprints>
        <fp>DIP*W7.62mm*</fp>
      </footprints>
      <fields>
        <field name="Reference">U</field>
        <field name="Value">ATtiny25V-10PU</field>
        <field name="Footprint">Package_DIP:DIP-8_W7.62mm</field>
      </fields>
      <pins>
        <pin num="1" name="~RESET~/PB5" type="3state"/>
        <pin num="2" name="XTAL1/PB3" type="3state"/>
        <pin num="3" name="XTAL2/PB4" type="3state"/>
        <pin num="4" name="GND" type="power_in"/>
        <pin num="5" name="AREF/PB0" type="3state"/>
        <pin num="6" name="PB1" type="3state"/>
        <pin num="7" name="PB2" type="3state"/>
        <pin num="8" name="VCC" type="power_in"/>
      </pins>
    </libpart>
    <libpart lib="Switch" part="SW_Push">
      <description>Push button switch, generic, two pins</description>
      <fields>
        <field name="Reference">SW</field>
        <field name="Value">SW_Push</field>
      </fields>
      <pins>
        <pin num="1" name="1" type="passive"/>
        <pin num="2" name="2" type="passive"/>
      </pins>
    </libpart>
    <libpart lib="formula" part="C_0.1uF">
      <description>Capacitor, 0.1uF, 50V, 5%, 0805</description>
      <footprints>
        <fp>C?</fp>
        <fp>C_????_*</fp>
        <fp>C_????</fp>
        <fp>SMD*_c</fp>
        <fp>Capacitor*</fp>
      </footprints>
      <fields>
        <field name="Reference">C</field>
        <field name="Value">C_0.1uF</field>
        <field name="Footprint">footprints:C_0805_OEM</field>
        <field name="Datasheet">http://datasheets.avx.com/X7RDielectric.pdf</field>
        <field name="MFN">DK</field>
        <field name="MPN">478-3352-1-ND</field>
        <field name="PurchasingLink">https://www.digikey.com/products/en?keywords=478-3352-1-ND</field>
      </fields>
      <pins>
        <pin num="1" name="~" type="passive"/>
        <pin num="2" name="~" type="passive"/>
      </pins>
    </libpart>
    <libpart lib="formula" part="R_10K">
      <footprints>
        <fp>R_*</fp>
        <fp>Resistor_*</fp>
      </footprints>
      <fields>
        <field name="Reference">R</field>
        <field name="Value">R_10K</field>
        <field name="Footprint">footprints:R_0805_OEM</field>
        <field name="Datasheet">http://www.bourns.com/data/global/pdfs/CRS.pdf</field>
        <field name="MFN">DK</field>
        <field name="MPN">CRS0805-FX-1002ELFCT-ND</field>
        <field name="PurchasingLink">https://www.digikey.com/products/en?keywords=CRS0805-FX-1002ELFCT-ND</field>
      </fields>
      <pins>
        <pin num="1" name="~" type="passive"/>
        <pin num="2" name="~" type="passive"/>
      </pins>
    </libpart>
    <libpart lib="formula" part="R_200">
      <footprints>
        <fp>R_*</fp>
        <fp>Resistor_*</fp>
      </footprints>
      <fields>
        <field name="Reference">R</field>
        <field name="Value">R_200</field>
        <field name="Footprint">footprints:R_0805_OEM</field>
        <field name="Datasheet">https://www.seielect.com/Catalog/SEI-RMCF_RMCP.pdf</field>
        <field name="MFN">DK</field>
        <field name="MPN">RMCF0805JT200RCT-ND</field>
        <field name="PurchasingLink">https://www.digikey.com/products/en?keywords=RMCF0805JT200RCT-ND</field>
      </fields>
      <pins>
        <pin num="1" name="~" type="passive"/>
        <pin num="2" name="~" type="passive"/>
      </pins>
    </libpart>
  </libparts>
  <libraries>
    <library logical="Connector">
      <uri>/usr/share/kicad/library/Connector.lib</uri>
    </library>
    <library logical="MCU_Microchip_ATtiny">
      <uri>/usr/share/kicad/library/MCU_Microchip_ATtiny.lib</uri>
    </library>
    <library logical="Switch">
      <uri>/usr/share/kicad/library/Switch.lib</uri>
    </library>
    <library logical="formula">
      <uri>/home/utsav22g/Olin Stuff/Formula/OEM_Preferred_Parts/schematic/formula.lib</uri>
    </library>
  </libraries>
  <nets>
    <net code="1" name="Net-(R2-Pad2)">
      <node ref="R2" pin="2"/>
      <node ref="U1" pin="6"/>
    </net>
    <net code="2" name="/Data_In">
      <node ref="R2" pin="1"/>
      <node ref="J1" pin="2"/>
    </net>
    <net code="3" name="GND">
      <node ref="U1" pin="4"/>
      <node ref="C1" pin="1"/>
      <node ref="J1" pin="3"/>
      <node ref="R1" pin="2"/>
    </net>
    <net code="4" name="+5V">
      <node ref="J1" pin="1"/>
      <node ref="SW1" pin="1"/>
      <node ref="U1" pin="8"/>
      <node ref="U1" pin="5"/>
      <node ref="C1" pin="2"/>
    </net>
    <net code="5" name="Net-(U1-Pad2)">
      <node ref="U1" pin="2"/>
    </net>
    <net code="6" name="Net-(U1-Pad3)">
      <node ref="U1" pin="3"/>
    </net>
    <net code="7" name="/PB2">
      <node ref="SW1" pin="2"/>
      <node ref="U1" pin="7"/>
      <node ref="R1" pin="1"/>
    </net>
    <net code="8" name="Net-(U1-Pad1)">
      <node ref="U1" pin="1"/>
    </net>
  </nets>
</export>
